Payments to suppliers over £500 - February 2020,,,,,,,,,
,,,,,,,,,
Body Name,Service Label,Cost Centre,Expenditure Category,Nominal,NominalDesc,Accounting Date,System Reference,Line Amount SUM,Vendor Name
Norwich City Council,Highways Agency,630040,Street Closure Notices Rechge,2834,Street Closure Notices Rechge ,07/02/2020,4117,502.14,TMP (UK) LTD                            
Norwich City Council,Private Sector Housing,410010,Enforcement Fees,1103,Enforcement Fees              ,07/02/2020,3623,502.25,SELECT APPOINTMENTS PLC                 
Norwich City Council,Private Sector Leasing Scheme,410040,Rents General,2270,Rents General                 ,28/02/2020,7156,502.96,REDACTED PERSONAL DATA
Norwich City Council,Private Sector Leasing Scheme,410040,Rents General,2270,Rents General                 ,14/02/2020,6371,505.81,REDACTED PERSONAL DATA
Norwich City Council,Private Sector Leasing Scheme,410040,Rents General,2270,Rents General                 ,14/02/2020,6375,505.81,REDACTED PERSONAL DATA
Norwich City Council,Private Sector Leasing Scheme,410040,Rents General,2270,Rents General                 ,28/02/2020,7179,505.81,REDACTED PERSONAL DATA
Norwich City Council,Private Sector Leasing Scheme,410040,Rents General,2270,Rents General                 ,28/02/2020,7183,505.81,REDACTED PERSONAL DATA
Norwich City Council,Private Sector Leasing Scheme,410040,Rents General,2270,Rents General                 ,28/02/2020,7184,505.81,REDACTED PERSONAL DATA
Norwich City Council,Private Sector Leasing Scheme,410040,Rents General,2270,Rents General                 ,14/02/2020,6381,506.86,REDACTED PERSONAL DATA
Norwich City Council,Private Sector Leasing Scheme,410040,Rents General,2270,Rents General                 ,14/02/2020,6369,506.86,REDACTED PERSONAL DATA
Norwich City Council,Private Sector Leasing Scheme,410040,Rents General,2270,Rents General                 ,28/02/2020,7115,506.86,REDACTED PERSONAL DATA
Norwich City Council,Mail Handling Team,550040,Stationery,2711,Stationery                    ,14/02/2020,1065,507.48,OASIS INFORMATION SECURED               
Norwich City Council,Private Sector Leasing Scheme,410040,Rents General,2270,Rents General                 ,07/02/2020,5854,507.73,REDACTED PERSONAL DATA
Norwich City Council,Private Sector Leasing Scheme,410040,Rents General,2270,Rents General                 ,28/02/2020,7123,507.73,REDACTED PERSONAL DATA
Norwich City Council,Private Sector Leasing Scheme,410040,Rents General,2270,Rents General                 ,28/02/2020,7100,507.73,REDACTED PERSONAL DATA
Norwich City Council,Private Sector Leasing Scheme,410040,Rents General,2270,Rents General                 ,21/02/2020,6718,512.31,REDACTED PERSONAL DATA
Norwich City Council,Private Sector Leasing Scheme,410040,Rents General,2270,Rents General                 ,07/02/2020,5882,512.41,REDACTED PERSONAL DATA
Norwich City Council,Private Sector Leasing Scheme,410040,Rents General,2270,Rents General                 ,28/02/2020,7120,520.18,REDACTED PERSONAL DATA
Norwich City Council,Private Sector Leasing Scheme,410040,Rents General,2270,Rents General                 ,14/02/2020,6358,520.40,REDACTED PERSONAL DATA
Norwich City Council,Private Sector Leasing Scheme,410040,Rents General,2270,Rents General                 ,14/02/2020,6398,520.40,REDACTED PERSONAL DATA
Norwich City Council,Private Sector Leasing Scheme,410040,Rents General,2270,Rents General                 ,28/02/2020,7195,520.40,REDACTED PERSONAL DATA
Norwich City Council,Private Sector Leasing Scheme,410040,Rents General,2270,Rents General                 ,28/02/2020,7110,520.40,REDACTED PERSONAL DATA
Norwich City Council,Private Sector Leasing Scheme,410040,Rents General,2270,Rents General                 ,28/02/2020,7125,525.04,REDACTED PERSONAL DATA
Norwich City Council,Private Sector Leasing Scheme,410040,Rents General,2270,Rents General                 ,28/02/2020,7198,527.68,REDACTED PERSONAL DATA
Norwich City Council,Customer Contact Team,550010,Agency Staff,2050,Agency Staff                  ,21/02/2020,6180,530.95,REDACTED COMMERCIAL CONFIDENTIALITY
Norwich City Council,Private Sector Leasing Scheme,410040,Rents General,2270,Rents General                 ,28/02/2020,7099,531.47,REDACTED PERSONAL DATA
Norwich City Council,Private Sector Leasing Scheme,410040,Rents General,2270,Rents General                 ,07/02/2020,5886,533.51,REDACTED PERSONAL DATA
Norwich City Council,Private Sector Leasing Scheme,410040,Rents General,2270,Rents General                 ,21/02/2020,6736,533.51,REDACTED PERSONAL DATA
Norwich City Council,Private Sector Leasing Scheme,410040,Rents General,2270,Rents General                 ,14/02/2020,6362,534.09,REDACTED PERSONAL DATA
Norwich City Council,Private Sector Leasing Scheme,410040,Rents General,2270,Rents General                 ,28/02/2020,7150,534.76,REDACTED PERSONAL DATA
Norwich City Council,Private Sector Leasing Scheme,410040,Rents General,2270,Rents General                 ,14/02/2020,6359,538.15,REDACTED PERSONAL DATA
Norwich City Council,Private Sector Leasing Scheme,410040,Rents General,2270,Rents General                 ,21/02/2020,6714,544.88,REDACTED PERSONAL DATA
Norwich City Council,Private Sector Leasing Scheme,410040,Rents General,2270,Rents General                 ,21/02/2020,6735,547.63,REDACTED PERSONAL DATA
Norwich City Council,Private Sector Leasing Scheme,410040,Rents General,2270,Rents General                 ,28/02/2020,7219,547.80,REDACTED PERSONAL DATA
Norwich City Council,Homelessness,410030,Homelessness,2590,Homelessness                  ,14/02/2020,5828,550.00,REDACTED COMMERCIAL CONFIDENTIALITY
Norwich City Council,Private Sector Leasing Scheme,410040,Rents General,2270,Rents General                 ,28/02/2020,7128,550.30,REDACTED PERSONAL DATA
Norwich City Council,Private Sector Leasing Scheme,410040,Rents General,2270,Rents General                 ,21/02/2020,6719,556.77,REDACTED PERSONAL DATA
Norwich City Council,Private Sector Leasing Scheme,410040,Rents General,2270,Rents General                 ,28/02/2020,7175,556.77,REDACTED PERSONAL DATA
Norwich City Council,Mail Handling Team,550040,Stationery,2711,Stationery                    ,14/02/2020,5717,559.00,NT SECURITY LTD                         
Norwich City Council,Service Improvement,321040,Agency Staff,2050,Agency Staff                  ,07/02/2020,5775,559.70,REDACTED COMMERCIAL CONFIDENTIALITY
Norwich City Council,Service Improvement,321040,Agency Staff,2050,Agency Staff                  ,07/02/2020,5032,563.51,REDACTED COMMERCIAL CONFIDENTIALITY
Norwich City Council,Service Improvement,321040,Agency Staff,2050,Agency Staff                  ,07/02/2020,5033,563.51,REDACTED COMMERCIAL CONFIDENTIALITY
Norwich City Council,Service Improvement,321040,Agency Staff,2050,Agency Staff                  ,14/02/2020,5798,563.51,REDACTED COMMERCIAL CONFIDENTIALITY
Norwich City Council,Service Improvement,321040,Agency Staff,2050,Agency Staff                  ,21/02/2020,6312,563.51,REDACTED COMMERCIAL CONFIDENTIALITY
Norwich City Council,Private Sector Leasing Scheme,410040,Rents General,2270,Rents General                 ,07/02/2020,5881,563.55,REDACTED PERSONAL DATA
Norwich City Council,Private Sector Leasing Scheme,410040,Rents General,2270,Rents General                 ,07/02/2020,5861,566.83,REDACTED PERSONAL DATA
Norwich City Council,Private Sector Leasing Scheme,410040,Rents General,2270,Rents General                 ,21/02/2020,6733,568.05,REDACTED PERSONAL DATA
Norwich City Council,Private Sector Leasing Scheme,410040,Rents General,2270,Rents General                 ,14/02/2020,6378,569.43,REDACTED PERSONAL DATA
Norwich City Council,Private Sector Leasing Scheme,410040,Rents General,2270,Rents General                 ,28/02/2020,7200,569.43,REDACTED PERSONAL DATA
Norwich City Council,Private Sector Leasing Scheme,410040,Rents General,2270,Rents General                 ,28/02/2020,7176,569.43,REDACTED PERSONAL DATA
Norwich City Council,Private Sector Leasing Scheme,410040,Rents General,2270,Rents General                 ,28/02/2020,7214,570.65,REDACTED PERSONAL DATA
Norwich City Council,Private Sector Leasing Scheme,410040,Rents General,2270,Rents General                 ,28/02/2020,7174,570.65,REDACTED PERSONAL DATA
Norwich City Council,Private Sector Leasing Scheme,410040,Rents General,2270,Rents General                 ,28/02/2020,7095,570.65,REDACTED PERSONAL DATA
Norwich City Council,Private Sector Leasing Scheme,410040,Rents General,2270,Rents General                 ,14/02/2020,6388,575.15,REDACTED PERSONAL DATA
Norwich City Council,Private Sector Leasing Scheme,410040,Rents General,2270,Rents General                 ,28/02/2020,7104,575.81,REDACTED PERSONAL DATA
Norwich City Council,Private Sector Leasing Scheme,410040,Rents General,2270,Rents General                 ,14/02/2020,6397,576.34,REDACTED PERSONAL DATA
Norwich City Council,Private Sector Leasing Scheme,410040,Rents General,2270,Rents General                 ,07/02/2020,5872,576.47,REDACTED PERSONAL DATA
Norwich City Council,Private Sector Leasing Scheme,410040,Rents General,2270,Rents General                 ,28/02/2020,7109,577.51,REDACTED PERSONAL DATA
Norwich City Council,Private Sector Leasing Scheme,410040,Rents General,2270,Rents General                 ,07/02/2020,5857,577.55,REDACTED PERSONAL DATA
Norwich City Council,Private Sector Leasing Scheme,410040,Rents General,2270,Rents General                 ,14/02/2020,6389,577.55,REDACTED PERSONAL DATA
Norwich City Council,Private Sector Leasing Scheme,410040,Rents General,2270,Rents General                 ,21/02/2020,6738,577.55,REDACTED PERSONAL DATA
Norwich City Council,Private Sector Leasing Scheme,410040,Rents General,2270,Rents General                 ,28/02/2020,7221,577.55,REDACTED PERSONAL DATA
Norwich City Council,Private Sector Leasing Scheme,410040,Rents General,2270,Rents General                 ,28/02/2020,7107,577.55,REDACTED PERSONAL DATA
Norwich City Council,Private Sector Leasing Scheme,410040,Rents General,2270,Rents General                 ,28/02/2020,7193,581.22,REDACTED PERSONAL DATA
Norwich City Council,Homelessness,410030,Homelessness,2590,Homelessness                  ,14/02/2020,5829,581.25,REDACTED COMMERCIAL CONFIDENTIALITY
Norwich City Council,Private Sector Leasing Scheme,410040,Rents General,2270,Rents General                 ,07/02/2020,5884,582.88,REDACTED PERSONAL DATA
Norwich City Council,Private Sector Leasing Scheme,410040,Rents General,2270,Rents General                 ,14/02/2020,6390,583.62,REDACTED PERSONAL DATA
Norwich City Council,Private Sector Leasing Scheme,410040,Rents General,2270,Rents General                 ,14/02/2020,6374,583.62,REDACTED PERSONAL DATA
Norwich City Council,Private Sector Leasing Scheme,410040,Rents General,2270,Rents General                 ,21/02/2020,6729,583.62,REDACTED PERSONAL DATA
Norwich City Council,Private Sector Leasing Scheme,410040,Rents General,2270,Rents General                 ,28/02/2020,7111,583.62,REDACTED PERSONAL DATA
Norwich City Council,Private Sector Leasing Scheme,410040,Rents General,2270,Rents General                 ,28/02/2020,7210,584.26,REDACTED PERSONAL DATA
Norwich City Council,HRA Repairs,730020,Structural Repairs,2136,Structural Repairs            ,14/02/2020,6260,585.00,CONISBEE                                
Norwich City Council,Open Spaces,160000,New Tree Planting,2242,New Tree Planting             ,14/02/2020,2172,585.00,BARCHAM TREES PLC                       
Norwich City Council,Highways Ground & Tree Maint,421030,New Tree Planting,2242,New Tree Planting             ,14/02/2020,2172,585.00,BARCHAM TREES PLC                       
Norwich City Council,Private Sector Leasing Scheme,410040,Rents General,2270,Rents General                 ,07/02/2020,5853,586.02,REDACTED PERSONAL DATA
Norwich City Council,Private Sector Leasing Scheme,410040,Rents General,2270,Rents General                 ,28/02/2020,7119,586.88,REDACTED PERSONAL DATA
Norwich City Council,Private Sector Leasing Scheme,410040,Rents General,2270,Rents General                 ,28/02/2020,7121,586.88,REDACTED PERSONAL DATA
Norwich City Council,Private Sector Leasing Scheme,410040,Rents General,2270,Rents General                 ,28/02/2020,7094,586.88,REDACTED PERSONAL DATA
Norwich City Council,Private Sector Leasing Scheme,410040,Rents General,2270,Rents General                 ,28/02/2020,7112,586.88,REDACTED PERSONAL DATA
Norwich City Council,Private Sector Leasing Scheme,410040,Rents General,2270,Rents General                 ,21/02/2020,6716,587.72,REDACTED PERSONAL DATA
Norwich City Council,Private Sector Leasing Scheme,410040,Rents General,2270,Rents General                 ,21/02/2020,6723,589.16,REDACTED PERSONAL DATA
Norwich City Council,Council Elections,520030,Other Contractual Services,2849,Other Contractual Services    ,07/02/2020,4935,590.00,WALLACE OUTSIDE BARS                    
Norwich City Council,Neighbourhood Services,710120,Compensation to Tenants,2687,Compensation to Tenants       ,21/02/2020,6779,590.00,CANARY CLEARANCES & REMOVALS            
Norwich City Council,Private Sector Leasing Scheme,410040,Rents General,2270,Rents General                 ,07/02/2020,5850,590.12,REDACTED PERSONAL DATA
Norwich City Council,Private Sector Leasing Scheme,410040,General Repairs & Mtce,2103,General Repairs & Mtce        ,28/02/2020,6999,592.08,REDACTED COMMERCIAL CONFIDENTIALITY
Norwich City Council,Balance Sheet,999999,Rents Overpayment Refunds,7229,Rents Overpayment Refunds     ,14/02/2020,6236,600.00,REDACTED PERSONAL DATA
Norwich City Council,Homelessness,410030,Homelessness Prevention Fund,2837,Homelessness Prevention Fund  ,14/02/2020,6420,600.00,REDACTED COMMERCIAL CONFIDENTIALITY
Norwich City Council,Learning & Development,530050,Other Training Expenses,2020,Other Training Expenses       ,21/02/2020,6199,600.00,IMPACT ASSOCIATES LTD                   
Norwich City Council,Homelessness,410030,Homelessness,2590,Homelessness                  ,28/02/2020,7063,600.00,REDACTED COMMERCIAL CONFIDENTIALITY
Norwich City Council,Private Sector Leasing Scheme,410040,Rents General,2270,Rents General                 ,07/02/2020,5883,602.58,REDACTED PERSONAL DATA
Norwich City Council,Private Sector Leasing Scheme,410040,Rents General,2270,Rents General                 ,14/02/2020,6356,603.09,REDACTED PERSONAL DATA
Norwich City Council,Private Sector Leasing Scheme,410040,Rents General,2270,Rents General                 ,28/02/2020,7189,607.40,REDACTED PERSONAL DATA
Norwich City Council,On Street Operations,644050,Fixed Furniture/Fittings,2226,Fixed Furniture/Fittings      ,21/02/2020,5723,612.00,FLOWBIRD SMART CITY UK LTD              
Norwich City Council,Balance Sheet,999999,Salary sacrifice scheme,7223,Salary sacrifice scheme       ,28/02/2020,6710,616.67,CYCLESCHEME LTD                         
Norwich City Council,Private Sector Leasing Scheme,410040,Rents General,2270,Rents General                 ,28/02/2020,7108,621.30,REDACTED PERSONAL DATA
Norwich City Council,Private Sector Leasing Scheme,410040,Rents General,2270,Rents General                 ,14/02/2020,6373,623.12,REDACTED PERSONAL DATA
Norwich City Council,Private Sector Leasing Scheme,410040,Rents General,2270,Rents General                 ,28/02/2020,7178,627.22,REDACTED PERSONAL DATA
Norwich City Council,Private Sector Leasing Scheme,410040,Rents General,2270,Rents General                 ,07/02/2020,5855,627.56,REDACTED PERSONAL DATA
Norwich City Council,Private Sector Leasing Scheme,410040,Rents General,2270,Rents General                 ,14/02/2020,6384,632.70,REDACTED PERSONAL DATA
Norwich City Council,Private Sector Leasing Scheme,410040,Rents General,2270,Rents General                 ,21/02/2020,6712,632.70,REDACTED PERSONAL DATA
Norwich City Council,Private Sector Leasing Scheme,410040,General Repairs & Mtce,2103,General Repairs & Mtce        ,21/02/2020,6679,633.98,REDACTED COMMERCIAL CONFIDENTIALITY
Norwich City Council,Private Sector Leasing Scheme,410040,Rents General,2270,Rents General                 ,07/02/2020,5865,640.24,REDACTED PERSONAL DATA
Norwich City Council,Private Sector Leasing Scheme,410040,Rents General,2270,Rents General                 ,28/02/2020,7113,640.53,REDACTED PERSONAL DATA
Norwich City Council,Private Sector Leasing Scheme,410040,Rents General,2270,Rents General                 ,21/02/2020,6722,645.35,REDACTED PERSONAL DATA
Norwich City Council,Private Sector Leasing Scheme,410040,Rents General,2270,Rents General                 ,21/02/2020,6726,646.04,REDACTED PERSONAL DATA
Norwich City Council,Private Sector Leasing Scheme,410040,Rents General,2270,Rents General                 ,28/02/2020,7191,648.49,REDACTED PERSONAL DATA
Norwich City Council,Investment Properties,220000,Professional Advice/Fees,2850,Professional Advice/Fees      ,07/02/2020,5737,650.00,CARTER JONAS LLP                        
Norwich City Council,Investment Properties,220000,Professional Advice/Fees,2850,Professional Advice/Fees      ,21/02/2020,2806,650.00,CARTER JONAS LLP                        
Norwich City Council,Private Sector Leasing Scheme,410040,Rents General,2270,Rents General                 ,28/02/2020,7152,650.89,REDACTED PERSONAL DATA
Norwich City Council,Conservation Design&Landscape,620050,General Repairs & Mtce,2103,General Repairs & Mtce        ,14/02/2020,4756,650.95,NORWICH NORSE (ENVIRONMENTAL) LTD       
Norwich City Council,Private Sector Leasing Scheme,410040,Rents General,2270,Rents General                 ,07/02/2020,5866,653.56,REDACTED PERSONAL DATA
Norwich City Council,Private Sector Leasing Scheme,410040,Rents General,2270,Rents General                 ,07/02/2020,5849,654.97,REDACTED PERSONAL DATA
Norwich City Council,Investment Properties,220000,Professional Advice/Fees,2850,Professional Advice/Fees      ,14/02/2020,5826,660.82,CARTER JONAS LLP                        
Norwich City Council,Private Sector Leasing Scheme,410040,Rents General,2270,Rents General                 ,07/02/2020,5877,661.18,REDACTED PERSONAL DATA
Norwich City Council,Private Sector Leasing Scheme,410040,Rents General,2270,Rents General                 ,07/02/2020,5847,661.46,REDACTED PERSONAL DATA
Norwich City Council,Private Sector Leasing Scheme,410040,Rents General,2270,Rents General                 ,14/02/2020,6393,661.46,REDACTED PERSONAL DATA
Norwich City Council,Private Sector Leasing Scheme,410040,Rents General,2270,Rents General                 ,28/02/2020,7186,664.33,REDACTED PERSONAL DATA
Norwich City Council,HRA Capital Expenditure,983000,Whole House Improvements,5120, Whole House Improvements     ,07/02/2020,4784,665.00,CNC BUILDING CONTROL CONSULTANCY        
Norwich City Council,HRA Capital Expenditure,983000,Whole House Improvements,5120, Whole House Improvements     ,07/02/2020,4784,665.00,CNC BUILDING CONTROL CONSULTANCY        
Norwich City Council,Private Sector Leasing Scheme,410040,Rents General,2270,Rents General                 ,14/02/2020,6360,666.92,REDACTED PERSONAL DATA
Norwich City Council,Private Sector Leasing Scheme,410040,Rents General,2270,Rents General                 ,28/02/2020,7201,666.92,REDACTED PERSONAL DATA
Norwich City Council,Private Sector Leasing Scheme,410040,Rents General,2270,Rents General                 ,28/02/2020,7118,666.92,REDACTED PERSONAL DATA
Norwich City Council,Private Sector Leasing Scheme,410040,Rents General,2270,Rents General                 ,28/02/2020,7114,666.92,REDACTED PERSONAL DATA
Norwich City Council,Private Sector Leasing Scheme,410040,General Repairs & Mtce,2103,General Repairs & Mtce        ,07/02/2020,4962,668.00,REDACTED COMMERCIAL CONFIDENTIALITY
Norwich City Council,Private Sector Leasing Scheme,410040,Rents General,2270,Rents General                 ,14/02/2020,6396,668.07,REDACTED PERSONAL DATA
Norwich City Council,Private Sector Leasing Scheme,410040,Rents General,2270,Rents General                 ,28/02/2020,7127,669.41,REDACTED PERSONAL DATA
Norwich City Council,Private Sector Leasing Scheme,410040,Rents General,2270,Rents General                 ,07/02/2020,5863,674.43,REDACTED PERSONAL DATA
Norwich City Council,HRA Repairs,730020,Structural Repairs,2136,Structural Repairs            ,14/02/2020,6261,676.00,CONISBEE                                
Norwich City Council,Private Sector Leasing Scheme,410040,Rents General,2270,Rents General                 ,28/02/2020,7187,680.90,REDACTED PERSONAL DATA
Norwich City Council,Private Sector Leasing Scheme,410040,Rents General,2270,Rents General                 ,28/02/2020,7096,680.90,REDACTED PERSONAL DATA
Norwich City Council,Private Sector Leasing Scheme,410040,Rents General,2270,Rents General                 ,28/02/2020,7192,682.54,REDACTED PERSONAL DATA
Norwich City Council,Bus Lane Enforcement,644015,Other Contractual Services,2849,Other Contractual Services    ,07/02/2020,4170,683.20,IMPERIAL CIVIL ENFORCEMENT SOLUTIONS    
Norwich City Council,Private Sector Leasing Scheme,410040,Rents General,2270,Rents General                 ,21/02/2020,6717,686.38,REDACTED PERSONAL DATA
Norwich City Council,HRA Capital Expenditure,983000,Tower Block Regeneration,5182, Tower Block Regeneration     ,07/02/2020,5641,687.15,NPS NORWICH LTD                         
Norwich City Council,HRA Capital Expenditure,983000,Tower Block Regeneration,5182, Tower Block Regeneration     ,14/02/2020,6342,687.15,NPS NORWICH LTD                         
Norwich City Council,Private Sector Leasing Scheme,410040,Rents General,2270,Rents General                 ,28/02/2020,7204,692.75,REDACTED PERSONAL DATA
Norwich City Council,Private Sector Leasing Scheme,410040,Rents General,2270,Rents General                 ,07/02/2020,5878,694.80,REDACTED PERSONAL DATA
Norwich City Council,Private Sector Leasing Scheme,410040,Rents General,2270,Rents General                 ,07/02/2020,5867,695.67,REDACTED PERSONAL DATA
Norwich City Council,Private Sector Leasing Scheme,410040,Rents General,2270,Rents General                 ,14/02/2020,6368,695.96,REDACTED PERSONAL DATA
Norwich City Council,Private Sector Leasing Scheme,410040,Rents General,2270,Rents General                 ,14/02/2020,6399,695.96,REDACTED PERSONAL DATA
Norwich City Council,Private Sector Leasing Scheme,410040,Rents General,2270,Rents General                 ,28/02/2020,7213,695.96,REDACTED PERSONAL DATA
Norwich City Council,Investment Properties,220000,Service Charge,2247,Service Charge                ,07/02/2020,5735,696.26,CARTER JONAS LLP                        
Norwich City Council,Culture & Events,314030,Events Costs,2613,Events Costs                  ,28/02/2020,1304,700.00,T&P ELECTRICAL FIRE DIVISION LTD        
Norwich City Council,Private Sector Leasing Scheme,410040,Rents General,2270,Rents General                 ,14/02/2020,6365,700.09,REDACTED PERSONAL DATA
Norwich City Council,Private Sector Leasing Scheme,410040,Rents General,2270,Rents General                 ,14/02/2020,6372,700.25,REDACTED PERSONAL DATA
Norwich City Council,Multi-Storey Car Parks,643040,Miscellaneous Supplies,2750,Miscellaneous Supplies        ,14/02/2020,6333,702.00,NPS NORWICH LTD                         
Norwich City Council,Multi-Storey Car Parks,643040,Miscellaneous Supplies,2750,Miscellaneous Supplies        ,21/02/2020,6702,702.00,NPS NORWICH LTD                         
Norwich City Council,Multi-Storey Car Parks,643040,Miscellaneous Supplies,2750,Miscellaneous Supplies        ,21/02/2020,6703,702.00,NPS NORWICH LTD                         
Norwich City Council,Private Sector Leasing Scheme,410040,Rents General,2270,Rents General                 ,28/02/2020,7217,702.30,REDACTED PERSONAL DATA
Norwich City Council,Private Sector Leasing Scheme,410040,Rents General,2270,Rents General                 ,21/02/2020,6725,702.95,REDACTED PERSONAL DATA
Norwich City Council,Private Sector Leasing Scheme,410040,Rents General,2270,Rents General                 ,14/02/2020,6391,704.83,REDACTED PERSONAL DATA
Norwich City Council,Council Elections,520030,Postages General,2614,Postages General              ,07/02/2020,5031,705.20,ROYAL MAIL GROUP PLC                    
Norwich City Council,Private Sector Leasing Scheme,410040,Rents General,2270,Rents General                 ,14/02/2020,6392,708.15,REDACTED PERSONAL DATA
Norwich City Council,Private Sector Leasing Scheme,410040,Rents General,2270,Rents General                 ,14/02/2020,6394,708.15,REDACTED PERSONAL DATA
Norwich City Council,Private Sector Leasing Scheme,410040,Rents General,2270,Rents General                 ,14/02/2020,6364,708.62,REDACTED PERSONAL DATA
Norwich City Council,Private Sector Leasing Scheme,410040,Rents General,2270,Rents General                 ,28/02/2020,7194,708.62,REDACTED PERSONAL DATA
Norwich City Council,Balance Sheet,999999,South Norfolk DC,8133,South Norfolk DC              ,07/02/2020,4070,710.00,REDACTED PERSONAL DATA
Norwich City Council,Private Sector Leasing Scheme,410040,Rents General,2270,Rents General                 ,28/02/2020,7215,710.06,REDACTED PERSONAL DATA
Norwich City Council,Private Sector Leasing Scheme,410040,Rents General,2270,Rents General                 ,07/02/2020,5874,713.34,REDACTED PERSONAL DATA
Norwich City Council,Private Sector Leasing Scheme,410040,Rents General,2270,Rents General                 ,14/02/2020,6385,713.34,REDACTED PERSONAL DATA
Norwich City Council,Private Sector Leasing Scheme,410040,Rents General,2270,Rents General                 ,21/02/2020,6727,713.34,REDACTED PERSONAL DATA
Norwich City Council,Private Sector Leasing Scheme,410040,Rents General,2270,Rents General                 ,28/02/2020,7216,713.34,REDACTED PERSONAL DATA
Norwich City Council,Private Sector Leasing Scheme,410040,Rents General,2270,Rents General                 ,28/02/2020,7212,713.34,REDACTED PERSONAL DATA
Norwich City Council,Private Sector Leasing Scheme,410040,Rents General,2270,Rents General                 ,28/02/2020,7203,713.34,REDACTED PERSONAL DATA
Norwich City Council,Private Sector Leasing Scheme,410040,Rents General,2270,Rents General                 ,28/02/2020,7199,713.34,REDACTED PERSONAL DATA
Norwich City Council,Balance Sheet,999999,Rents Overpayment Refunds,7229,Rents Overpayment Refunds     ,05/02/2020,5830,713.78,REDACTED PERSONAL DATA
Norwich City Council,Private Sector Leasing Scheme,410040,Rents General,2270,Rents General                 ,21/02/2020,6728,714.95,REDACTED PERSONAL DATA
Norwich City Council,Private Sector Leasing Scheme,410040,Rents General,2270,Rents General                 ,28/02/2020,7208,714.95,REDACTED PERSONAL DATA
Norwich City Council,Private Sector Leasing Scheme,410040,Rents General,2270,Rents General                 ,14/02/2020,6400,717.05,REDACTED PERSONAL DATA
Norwich City Council,Balance Sheet,999999,Rents Overpayment Refunds,7229,Rents Overpayment Refunds     ,07/02/2020,5837,717.62,REDACTED PERSONAL DATA
Norwich City Council,Private Sector Leasing Scheme,410040,Rents General,2270,Rents General                 ,28/02/2020,7218,718.95,REDACTED PERSONAL DATA
Norwich City Council,Private Sector Leasing Scheme,410040,Rents General,2270,Rents General                 ,07/02/2020,5873,721.91,REDACTED PERSONAL DATA
Norwich City Council,Private Sector Leasing Scheme,410040,Rents General,2270,Rents General                 ,14/02/2020,6395,721.91,REDACTED PERSONAL DATA
Norwich City Council,Private Sector Leasing Scheme,410040,Rents General,2270,Rents General                 ,21/02/2020,6731,721.91,REDACTED PERSONAL DATA
Norwich City Council,Private Sector Leasing Scheme,410040,Rents General,2270,Rents General                 ,28/02/2020,7206,721.91,REDACTED PERSONAL DATA
Norwich City Council,Private Sector Leasing Scheme,410040,Rents General,2270,Rents General                 ,28/02/2020,7188,721.91,REDACTED PERSONAL DATA
Norwich City Council,Private Sector Leasing Scheme,410040,Rents General,2270,Rents General                 ,28/02/2020,7126,721.91,REDACTED PERSONAL DATA
Norwich City Council,Private Sector Leasing Scheme,410040,Rents General,2270,Rents General                 ,21/02/2020,6734,727.61,REDACTED PERSONAL DATA
Norwich City Council,Private Sector Leasing Scheme,410040,Rents General,2270,Rents General                 ,28/02/2020,7142,727.61,REDACTED PERSONAL DATA
Norwich City Council,Private Sector Leasing Scheme,410040,Rents General,2270,Rents General                 ,28/02/2020,7220,727.81,REDACTED PERSONAL DATA
Norwich City Council,Private Sector Leasing Scheme,410040,Rents General,2270,Rents General                 ,07/02/2020,5870,729.05,REDACTED PERSONAL DATA
Norwich City Council,Private Sector Leasing Scheme,410040,Rents General,2270,Rents General                 ,28/02/2020,7211,733.12,REDACTED PERSONAL DATA
Norwich City Council,Neighbourhood Services,710120,Compensation to Tenants,2687,Compensation to Tenants       ,14/02/2020,3572,733.33,KEW GREEN HOTELS (NORWICH) LTD          
Norwich City Council,Private Sector Leasing Scheme,410040,Rents General,2270,Rents General                 ,07/02/2020,5875,733.61,REDACTED PERSONAL DATA
Norwich City Council,Private Sector Leasing Scheme,410040,Rents General,2270,Rents General                 ,14/02/2020,6361,733.61,REDACTED PERSONAL DATA
Norwich City Council,Private Sector Leasing Scheme,410040,Rents General,2270,Rents General                 ,14/02/2020,6366,733.61,REDACTED PERSONAL DATA
Norwich City Council,Private Sector Leasing Scheme,410040,Rents General,2270,Rents General                 ,28/02/2020,7209,733.61,REDACTED PERSONAL DATA
Norwich City Council,Private Sector Leasing Scheme,410040,Rents General,2270,Rents General                 ,28/02/2020,7205,733.61,REDACTED PERSONAL DATA
Norwich City Council,Private Sector Leasing Scheme,410040,Rents General,2270,Rents General                 ,28/02/2020,7196,733.61,REDACTED PERSONAL DATA
Norwich City Council,Private Sector Leasing Scheme,410040,Rents General,2270,Rents General                 ,28/02/2020,7177,733.61,REDACTED PERSONAL DATA
Norwich City Council,Private Sector Leasing Scheme,410040,Rents General,2270,Rents General                 ,14/02/2020,6377,733.94,REDACTED PERSONAL DATA
Norwich City Council,Private Sector Leasing Scheme,410040,Rents General,2270,Rents General                 ,28/02/2020,7202,739.27,REDACTED PERSONAL DATA
Norwich City Council,Private Sector Leasing Scheme,410040,Rents General,2270,Rents General                 ,28/02/2020,7154,739.64,REDACTED PERSONAL DATA
Norwich City Council,Private Sector Leasing Scheme,410040,Rents General,2270,Rents General                 ,21/02/2020,6732,742.78,REDACTED PERSONAL DATA
Norwich City Council,Private Sector Leasing Scheme,410040,Rents General,2270,Rents General                 ,21/02/2020,6724,743.02,REDACTED PERSONAL DATA
Norwich City Council,Conservation Design&Landscape,620050,General Repairs & Mtce,2103,General Repairs & Mtce        ,14/02/2020,4754,747.04,NORWICH NORSE (ENVIRONMENTAL) LTD       
Norwich City Council,HRA Capital Expenditure,983000,Whole House Improvements,5120, Whole House Improvements     ,07/02/2020,3681,750.00,INDEPENDENT ENVIRONMENTAL CONSULTANCY   
Norwich City Council,Homelessness,410030,Homelessness,2590,Homelessness                  ,28/02/2020,7063,750.00,REDACTED COMMERCIAL CONFIDENTIALITY
Norwich City Council,HRA Capital Expenditure,983000,Kitchens,5121, Kitchens                     ,07/02/2020,5017,762.00,EASTERN PROCUREMENT LTD                 
Norwich City Council,Bus Lane Enforcement,644015,Other Contractual Services,2849,Other Contractual Services    ,07/02/2020,4170,762.85,IMPERIAL CIVIL ENFORCEMENT SOLUTIONS    
Norwich City Council,Private Sector Leasing Scheme,410040,Rents General,2270,Rents General                 ,14/02/2020,6370,764.83,REDACTED PERSONAL DATA
Norwich City Council,Private Sector Leasing Scheme,410040,Rents General,2270,Rents General                 ,28/02/2020,7207,765.21,REDACTED PERSONAL DATA
Norwich City Council,Homelessness,410030,Homelessness,2590,Homelessness                  ,14/02/2020,5829,775.00,REDACTED COMMERCIAL CONFIDENTIALITY
Norwich City Council,Private Sector Leasing Scheme,410040,Rents General,2270,Rents General                 ,21/02/2020,6730,778.19,REDACTED PERSONAL DATA
Norwich City Council,Private Sector Leasing Scheme,410040,General Repairs & Mtce,2103,General Repairs & Mtce        ,14/02/2020,5338,785.60,REDACTED COMMERCIAL CONFIDENTIALITY
Norwich City Council,Customer Contact Team,550010,Other Contractual Services,2849,Other Contractual Services    ,07/02/2020,5841,791.75,TALKTALK BUSINESS                       
Norwich City Council,Homelessness,410030,Homelessness,2590,Homelessness                  ,07/02/2020,5697,800.00,REDACTED COMMERCIAL CONFIDENTIALITY
Norwich City Council,Homelessness,410030,Homelessness,2590,Homelessness                  ,07/02/2020,5705,810.00,REDACTED COMMERCIAL CONFIDENTIALITY
Norwich City Council,HRA Capital Expenditure,983000,Tower Block Regeneration,5182, Tower Block Regeneration     ,07/02/2020,5642,811.25,NPS NORWICH LTD                         
Norwich City Council, IT Services,321020,IT Services - Contract Charge,2843,IT Services - Contract Charge ,14/02/2020,3796,812.88,SKYGUARD LTD                            
Norwich City Council,GF Capital Expenditure,981000,Exp on Grants,5500,Exp on Grants                 ,21/02/2020,6172,815.15,REDACTED COMMERCIAL CONFIDENTIALITY
Norwich City Council,Investment Properties,220000,Professional Advice/Fees,2850,Professional Advice/Fees      ,07/02/2020,5736,828.08,CARTER JONAS LLP                        
Norwich City Council,Private Sector Leasing Scheme,410040,Rents General,2270,Rents General                 ,28/02/2020,7153,828.40,REDACTED PERSONAL DATA
Norwich City Council,Private Sector Leasing Scheme,410040,Rents General,2270,Rents General                 ,07/02/2020,5876,835.16,REDACTED PERSONAL DATA
Norwich City Council,Homelessness,410030,Homelessness,2590,Homelessness                  ,14/02/2020,5833,840.00,REDACTED COMMERCIAL CONFIDENTIALITY
Norwich City Council,Homelessness,410030,Homelessness,2590,Homelessness                  ,28/02/2020,7018,840.00,REDACTED COMMERCIAL CONFIDENTIALITY
Norwich City Council,HRA Repairs,730020,Automatic Vent Mtce,2137,Automatic Vent Mtce           ,14/02/2020,6318,841.75,ALPHATRACK SYSTEMS LTD                  
Norwich City Council,HRA Capital Expenditure,983000,Whole House Improvements,5120, Whole House Improvements     ,28/02/2020,6933,857.02,NORWICH NORSE (BUILDING) LTD            
Norwich City Council,Commissioning,420060,Grants  - Main ex SLA's,2727,Grants  - Main ex SLA's       ,28/02/2020,6154,860.33,KERNOCK PARK PLANTS                     
Norwich City Council,Investment Properties,220000,Service Charge,2247,Service Charge                ,07/02/2020,5732,878.31,CARTER JONAS LLP                        
Norwich City Council,Private Sector Leasing Scheme,410040,Rents General,2270,Rents General                 ,14/02/2020,6387,881.93,REDACTED PERSONAL DATA
Norwich City Council,HRA Capital Expenditure,983000,Bathrooms,5122, Bathrooms                    ,07/02/2020,5016,888.00,EASTERN PROCUREMENT LTD                 
Norwich City Council,Balance Sheet,999999,s106 - Playspace Mtce,8104,s106 - Playspace Mtce         ,28/02/2020,7047,888.75,HAGS-SMP                                
Norwich City Council,Balance Sheet,999999,Rents Overpayment Refunds,7229,Rents Overpayment Refunds     ,05/02/2020,5836,900.00,REDACTED PERSONAL DATA
Norwich City Council,Investment Properties,220000,Professional Advice/Fees,2850,Professional Advice/Fees      ,07/02/2020,5738,900.00,CARTER JONAS LLP                        
Norwich City Council, IT Services,321020,Shared Services LGSS Internal,3060,Shared Services LGSS Internal ,12/02/2020,5907,900.00,NORTHGATE PUBLIC SERVICES (UK) LTD      
Norwich City Council,Investment Properties,220000,Professional Advice/Fees,2850,Professional Advice/Fees      ,21/02/2020,2807,900.00,CARTER JONAS LLP                        
Norwich City Council,Homelessness,410030,Homelessness,2590,Homelessness                  ,28/02/2020,7060,900.00,REDACTED COMMERCIAL CONFIDENTIALITY
Norwich City Council,Balance Sheet,999999,Rents Overpayment Refunds,7229,Rents Overpayment Refunds     ,07/02/2020,5923,900.85,REDACTED PERSONAL DATA
Norwich City Council,Home Ownership Team,710180,Energy Performance Certs,2140,Energy Performance Certs      ,14/02/2020,6337,910.00,NPS NORWICH LTD                         
Norwich City Council,Neighbourhood Services,710120,Compensation to Tenants,2687,Compensation to Tenants       ,14/02/2020,6206,921.00,KEW GREEN HOTELS (NORWICH) LTD          
Norwich City Council,Bus Lane Enforcement,644015,Other Contractual Services,2849,Other Contractual Services    ,07/02/2020,4340,924.00,IMPERIAL CIVIL ENFORCEMENT SOLUTIONS    
Norwich City Council,Multi-Storey Car Parks,643040,Car Parks Season Ticket,1052,Car Parks Season Ticket       ,14/02/2020,6328,932.17,REDACTED COMMERCIAL CONFIDENTIALITY
Norwich City Council,Personnel Services,530020,Occupational Health Support,2689,Occupational Health Support   ,14/02/2020,4554,942.50,NORFOLK & NORWICH UNIVERSITY HOSPITALS  
Norwich City Council,Estates Management,721020,T V Aerial Mtce,2807,T V Aerial Mtce               ,21/02/2020,6459,945.82,STANLEY SECURITY SOLUTIONS              
Norwich City Council,Markets,100000,Agency Staff,2050,Agency Staff                  ,21/02/2020,6768,955.53,REDACTED COMMERCIAL CONFIDENTIALITY
Norwich City Council,Conservation Design&Landscape,620050,Agency Staff,2050,Agency Staff                  ,14/02/2020,5013,987.00,REDACTED COMMERCIAL CONFIDENTIALITY
Norwich City Council,Homelessness,410030,Homelessness,2590,Homelessness                  ,28/02/2020,7091,990.00,REDACTED COMMERCIAL CONFIDENTIALITY
Norwich City Council,GF Capital Expenditure,981000,Exp on Loans/Financial Asstnce,5600,Exp on Loans/Financial Asstnce,14/02/2020,6178,995.00,J P RUSSEN                              
Norwich City Council,GF Capital Expenditure,981000,Intangible Fixed Assets,5400,Intangible Fixed Assets       ,28/02/2020,3799,995.00,ADVANCED BUSINESS SOLUTIONS & SOFTWARE  
Norwich City Council,GF Capital Expenditure,981000,Intangible Fixed Assets,5400,Intangible Fixed Assets       ,28/02/2020,3799,995.06,ADVANCED BUSINESS SOLUTIONS & SOFTWARE  
Norwich City Council,Tourist Information,313010,Office Equip/Machines Purchase,2651,Office Equip/Machines Purchase,07/02/2020,5783,"1,000.00",EASTERN CASH REGISTERS (NORWICH) LTD    
Norwich City Council,Learning & Development,530050,Other Training Expenses,2020,Other Training Expenses       ,14/02/2020,3570,"1,000.00",TRAINING BYTE SIZE LTD                  
Norwich City Council,Director of Neighbourhoods,420020,Training Initiatives,2021,Training Initiatives          ,14/02/2020,5676,"1,000.00",IMPACT ASSOCIATES LTD                   
Norwich City Council,Investment Properties,220000,Site Security,2804,Site Security                 ,21/02/2020,5789,"1,000.00",NPS NORWICH LTD                         
Norwich City Council,Investment Properties,220000,Site Security,2804,Site Security                 ,21/02/2020,6704,"1,000.00",NPS NORWICH LTD                         
Norwich City Council,Investment Properties,220000,Site Security,2804,Site Security                 ,28/02/2020,6701,"1,000.00",NPS NORWICH LTD                         
Norwich City Council,Allotments,150000,Water Charges Metered,2285,Water Charges Metered         ,07/02/2020,5315,"1,003.58",ANGLIAN WATER BUSINESS                  
Norwich City Council,Homelessness,410030,Homelessness,2590,Homelessness                  ,28/02/2020,7017,"1,008.00",REDACTED COMMERCIAL CONFIDENTIALITY
Norwich City Council,Homelessness,410030,Homelessness,2590,Homelessness                  ,28/02/2020,7062,"1,008.00",REDACTED COMMERCIAL CONFIDENTIALITY
Norwich City Council,NPS Joint Venture,640210,Other Contractual Services,2849,Other Contractual Services    ,21/02/2020,5791,"1,020.00",NPS NORWICH LTD                         
Norwich City Council,NPS Joint Venture,640210,Other Contractual Services,2849,Other Contractual Services    ,21/02/2020,5792,"1,020.00",NPS NORWICH LTD                         
Norwich City Council,GF Capital Expenditure,981000,Exp on Grants,5500,Exp on Grants                 ,14/02/2020,4944,"1,027.52",REDACTED COMMERCIAL CONFIDENTIALITY
Norwich City Council,Bus Lane Enforcement,644015,Other Contractual Services,2849,Other Contractual Services    ,07/02/2020,4340,"1,032.45",IMPERIAL CIVIL ENFORCEMENT SOLUTIONS    
Norwich City Council,City Hall,290000,Loose Furniture & Fittings,2650,Loose Furniture & Fittings    ,07/02/2020,3798,"1,053.00",MILLAR WEST LTD                         
Norwich City Council,Arboricultural services,421010,Other Contractual Services,2849,Other Contractual Services    ,07/02/2020,5787,"1,072.00",A T COOMBES                             
Norwich City Council,Investment Properties,220000,Service Charge,2247,Service Charge                ,21/02/2020,6150,"1,075.18",CARTER JONAS LLP                        
Norwich City Council,Private Sector Housing,410010,Enforcement Fees,1103,Enforcement Fees              ,21/02/2020,6771,"1,085.09",REED EMPLOYMENT PLC                     
Norwich City Council,Homelessness,410030,Homelessness,2590,Homelessness                  ,28/02/2020,7064,"1,100.00",REDACTED COMMERCIAL CONFIDENTIALITY
Norwich City Council,HRA Repairs,730020,General Estate Tidiness,2230,General Estate Tidiness       ,28/02/2020,6935,"1,105.00",NORWICH NORSE (BUILDING) LTD            
Norwich City Council,Estates Management,721020,T V Aerial Mtce,2807,T V Aerial Mtce               ,21/02/2020,6699,"1,107.76",STANLEY SECURITY SOLUTIONS              
Norwich City Council,Neighbourhood Services,710120,Compensation to Tenants,2687,Compensation to Tenants       ,28/02/2020,7007,"1,133.25",KEW GREEN HOTELS (NORWICH) LTD          
Norwich City Council,Integrated Waste Management,431080,Promotions & Publicity,2624,Promotions & Publicity        ,14/02/2020,5710,"1,142.00",ALPHAPRINT LTD                          
Norwich City Council,Open Spaces,160000,Water Charges Metered,2285,Water Charges Metered         ,14/02/2020,5331,"1,153.26",ANGLIAN WATER BUSINESS                  
Norwich City Council,Mail Handling Team,550040,Postages General,2614,Postages General              ,28/02/2020,7058,"1,193.26",ROYAL MAIL GROUP PLC                    
Norwich City Council,Balance Sheet,999999,Highways Agency - 2016/17,8204,Highways Agency - 2016/17     ,07/02/2020,4667,"1,200.00",TRUETECH INTEGRATED LTD                 
Norwich City Council,NPS Joint Venture,640210,Other Contractual Services,2849,Other Contractual Services    ,21/02/2020,5795,"1,212.10",NPS NORWICH LTD                         
Norwich City Council,Highways Agency - Maintenance,630100,Agency Staff,2050,Agency Staff                  ,14/02/2020,5248,"1,229.88",REDACTED COMMERCIAL CONFIDENTIALITY
Norwich City Council,Community Enabling,420140,Bedding Sponsorship,2244,Bedding Sponsorship           ,28/02/2020,5718,"1,245.00",CREATIVE IMAGE MANAGEMENT LTD           
Norwich City Council,HRA Repairs,730020,Stairlift repair/servicing,2109,Stairlift repair/servicing    ,07/02/2020,5740,"1,256.30",NORWICH NORSE (BUILDING) LTD            
Norwich City Council,Balance Sheet,999999,s106 - Playspace Mtce,8104,s106 - Playspace Mtce         ,28/02/2020,7047,"1,257.00",HAGS-SMP                                
Norwich City Council,Homelessness,410030,Homelessness,2590,Homelessness                  ,28/02/2020,7017,"1,260.00",REDACTED COMMERCIAL CONFIDENTIALITY
Norwich City Council,Homelessness,410030,Homelessness,2590,Homelessness                  ,28/02/2020,7060,"1,260.00",REDACTED COMMERCIAL CONFIDENTIALITY
Norwich City Council,Homelessness,410030,Homelessness,2590,Homelessness                  ,28/02/2020,7061,"1,260.00",REDACTED COMMERCIAL CONFIDENTIALITY
Norwich City Council,Homelessness,410030,Homelessness,2590,Homelessness                  ,28/02/2020,7062,"1,260.00",REDACTED COMMERCIAL CONFIDENTIALITY
Norwich City Council,Conservation Design&Landscape,620050,General Repairs & Mtce,2103,General Repairs & Mtce        ,14/02/2020,5806,"1,282.37",NORWICH NORSE (ENVIRONMENTAL) LTD       
Norwich City Council,Balance Sheet,999999,Rents Overpayment Refunds,7229,Rents Overpayment Refunds     ,07/02/2020,5926,"1,287.07",REDACTED PERSONAL DATA
Norwich City Council,GF Capital Expenditure,981000,New Constructn/Convrsn/Renovtn,5100,New Constructn/Convrsn/Renovtn,14/02/2020,6214,"1,291.00",NORFOLK COUNTY COUNCIL                  
Norwich City Council,Estates Management,721020,T V Aerial Mtce,2807,T V Aerial Mtce               ,28/02/2020,6943,"1,303.72",STANLEY SECURITY SOLUTIONS              
Norwich City Council,Sheltered Housing Tenancy Mgt,722025,Licences,2753,Licences                      ,28/02/2020,7288,"1,304.00",TV LICENSING                            
Norwich City Council,Open Spaces,160000,Sewerage Charge Metered,2286,Sewerage Charge Metered       ,14/02/2020,5331,"1,324.24",ANGLIAN WATER BUSINESS                  
Norwich City Council,HRA Repairs,730020,General Repairs,2138,General Repairs               ,28/02/2020,4780,"1,327.78",NORWICH NORSE (ENVIRONMENTAL) LTD       
Norwich City Council, IT Services,321020,IT Services - Contract Charge,2843,IT Services - Contract Charge ,14/02/2020,2841,"1,330.80",SKYGUARD LTD                            
Norwich City Council,Private Sector Leasing Scheme,410040,General Repairs & Mtce,2103,General Repairs & Mtce        ,07/02/2020,5003,"1,334.21",REDACTED COMMERCIAL CONFIDENTIALITY
Norwich City Council,Innovation & Improvement Team,710150,DPP Printing Costs,2802,DPP Printing Costs            ,14/02/2020,418,"1,338.00",ALPHAPRINT LTD                          
Norwich City Council,HRA Capital Expenditure,983000,Whole House Improvements,5120, Whole House Improvements     ,14/02/2020,4949,"1,344.68",NORWICH NORSE (BUILDING) LTD            
Norwich City Council,Balance Sheet,999999,Rents Overpayment Refunds,7229,Rents Overpayment Refunds     ,14/02/2020,6240,"1,364.42",REDACTED PERSONAL DATA
Norwich City Council,HRA Capital Expenditure,983000,Tower Block Regeneration,5182, Tower Block Regeneration     ,07/02/2020,5641,"1,374.29",NPS NORWICH LTD                         
Norwich City Council,HRA Capital Expenditure,983000,Tower Block Regeneration,5182, Tower Block Regeneration     ,14/02/2020,6342,"1,374.29",NPS NORWICH LTD                         
Norwich City Council,HRA Repairs,730020,Fire Alarms Mtce,2118,Fire Alarms Mtce              ,14/02/2020,6319,"1,386.00",ALPHATRACK SYSTEMS LTD                  
Norwich City Council,Balance Sheet,999999,Rents Overpayment Refunds,7229,Rents Overpayment Refunds     ,05/02/2020,5840,"1,398.06",REDACTED PERSONAL DATA
Norwich City Council,Development Management,620060,Professional Advice/Fees,2850,Professional Advice/Fees      ,21/02/2020,6204,"1,419.30",VALUATION OFFICE AGENCY                 
Norwich City Council,HRA Capital Expenditure,983000,Door Access Controls,5160, Door Access Controls         ,14/02/2020,3599,"1,446.13",KEY MANAGEMENT SYSTEMS LTD              
Norwich City Council,Private Sector Leasing Scheme,410040,General Repairs & Mtce,2103,General Repairs & Mtce        ,14/02/2020,6340,"1,446.48",REDACTED PERSONAL DATA
Norwich City Council,Balance Sheet,999999,Rents Overpayment Refunds,7229,Rents Overpayment Refunds     ,07/02/2020,5916,"1,500.00",REDACTED PERSONAL DATA
Norwich City Council, IT Services,321020,Shared Services LGSS External,3061,Shared Services LGSS External ,14/02/2020,5708,"1,500.00",NORTHGATE PUBLIC SERVICES               
Norwich City Council,Homelessness,410030,Homelessness Prevention Fund,2837,Homelessness Prevention Fund  ,14/02/2020,6326,"1,500.00",REDACTED COMMERCIAL CONFIDENTIALITY
Norwich City Council,Open Spaces,160000,Subscriptions,2723,Subscriptions                 ,21/02/2020,6705,"1,500.00",NORFOLK WILDLIFE TRUST                  
Norwich City Council,Neighbourhood Services,710120,Compensation to Tenants,2687,Compensation to Tenants       ,07/02/2020,5747,"1,533.33",KEW GREEN HOTELS (NORWICH) LTD          
Norwich City Council,NPS Joint Venture,640210,Other Contractual Services,2849,Other Contractual Services    ,21/02/2020,5790,"1,560.00",NPS NORWICH LTD                         
Norwich City Council,Homelessness,410030,Homelessness,2590,Homelessness                  ,28/02/2020,7061,"1,575.00",REDACTED COMMERCIAL CONFIDENTIALITY
Norwich City Council,Neighbourhood Services,710120,Pool Car Direct Costs,2426,Pool Car Direct Costs         ,07/02/2020,4329,"1,581.28",AUTOMOTIVE LEASING LTD                  
Norwich City Council,Development Management,620060,Advertising General,2623,Advertising General           ,07/02/2020,4673,"1,589.38",ARCHANT REGIONAL LTD                    
Norwich City Council,Investment Properties,220000,Service Charge,2247,Service Charge                ,07/02/2020,5733,"1,590.55",CARTER JONAS LLP                        
Norwich City Council,Customer Contact Team,550010,Agency Staff,2050,Agency Staff                  ,28/02/2020,6767,"1,618.80",REDACTED COMMERCIAL CONFIDENTIALITY
Norwich City Council,General HRA Premises,740010,Professional Advice/Fees,2850,Professional Advice/Fees      ,07/02/2020,5636,"1,620.00",NPS NORWICH LTD                         
Norwich City Council,GF Capital Expenditure,981000,Exp on Grants,5500,Exp on Grants                 ,14/02/2020,6343,"1,620.59",REDACTED COMMERCIAL CONFIDENTIALITY
Norwich City Council,On & Off Street Enforcement,644010,Training Initiatives,2021,Training Initiatives          ,07/02/2020,4744,"1,630.00",ALPHA PARKING LTD                       
Norwich City Council,Multi-Storey Car Parks,643040,Subscriptions,2723,Subscriptions                 ,07/02/2020,5782,"1,646.00",BRITISH PARKING ASSOCIATION             
Norwich City Council,Head of City Development,600070,Agency Staff,2050,Agency Staff                  ,21/02/2020,6279,"1,646.40",REDACTED COMMERCIAL CONFIDENTIALITY
Norwich City Council,Head of City Development,600070,Agency Staff,2050,Agency Staff                  ,28/02/2020,6709,"1,646.40",REDACTED COMMERCIAL CONFIDENTIALITY
Norwich City Council,Tourist Information,313010,National Express Tickets,1128,National Express Tickets      ,14/02/2020,6315,"1,654.60",NATIONAL EXPRESS LTD                    
Norwich City Council,Notice Processing,644020,Adjudication Service,2823,Adjudication Service          ,14/02/2020,5631,"1,663.40",PATROL                                  
Norwich City Council,City Hall,290000,Pool Car Direct Costs,2426,Pool Car Direct Costs         ,07/02/2020,4329,"1,664.62",AUTOMOTIVE LEASING LTD                  
Norwich City Council,Homelessness,410030,Homelessness,2590,Homelessness                  ,14/02/2020,5828,"1,705.00",REDACTED COMMERCIAL CONFIDENTIALITY
Norwich City Council,Balance Sheet,999999,Suspense Acc - NORSE contract,7248,Suspense Acc - NORSE contract ,07/02/2020,5743,"1,758.57",NORWICH NORSE (BUILDING) LTD            
Norwich City Council,Multi-Storey Car Parks,643040,Equip-Repairs/Mtce,2659,Equip-Repairs/Mtce            ,14/02/2020,3653,"1,800.00",HUB PARKING TECHNOLOGY                  
Norwich City Council,HRA Repairs,730020,Structural Repairs,2136,Structural Repairs            ,14/02/2020,6447,"1,800.00",CONISBEE                                
Norwich City Council,Fit for the Future,321070,Agency Staff,2050,Agency Staff                  ,07/02/2020,5271,"1,815.00",REDACTED COMMERCIAL CONFIDENTIALITY
Norwich City Council,Fit for the Future,321070,Agency Staff,2050,Agency Staff                  ,21/02/2020,6761,"1,815.00",REDACTED COMMERCIAL CONFIDENTIALITY
Norwich City Council,Multi-Storey Car Parks,643040,Miscellaneous Supplies,2750,Miscellaneous Supplies        ,21/02/2020,6300,"1,816.00",APG SYSTEMS                             
Norwich City Council,HRA Repairs - Void Properties,730080,Energy Performance Certs,2140,Energy Performance Certs      ,07/02/2020,5665,"1,820.00",NPS NORWICH LTD                         
Norwich City Council,HRA Capital Expenditure,983000,Estate Aesthetics,5161, Estate Aesthetics            ,07/02/2020,5632,"1,825.00",NORWICH NORSE (BUILDING) LTD            
Norwich City Council,Development Management,620060,Professional Advice/Fees,2850,Professional Advice/Fees      ,21/02/2020,1312,"1,837.00",VALUATION OFFICE AGENCY                 
Norwich City Council,Highways Agency - Maintenance,630100,Agency Staff,2050,Agency Staff                  ,14/02/2020,4400,"1,852.89",REDACTED COMMERCIAL CONFIDENTIALITY
Norwich City Council,Mail Handling Team,550040,Postages General,2614,Postages General              ,28/02/2020,7057,"1,922.25",ROYAL MAIL GROUP PLC                    
Norwich City Council,GF Capital Expenditure,981000,Exp on Grants,5500,Exp on Grants                 ,21/02/2020,5305,"1,923.83",REDACTED COMMERCIAL CONFIDENTIALITY
Norwich City Council,Abate Team,710130,Training Initiatives,2021,Training Initiatives          ,21/02/2020,6685,"1,990.00",COMMUNITY SAFETY PROFESSIONALS LTD      
Norwich City Council,HRA Repairs,730020,Call Alarm sytems Mtce,2119,Call Alarm sytems Mtce        ,14/02/2020,6319,"1,990.96",ALPHATRACK SYSTEMS LTD                  
Norwich City Council,Integrated Waste Management,431080,Variations to Database,2847,Variations to Database        ,28/02/2020,7012,"2,016.90",BIFFA MUNICIPAL LIMITED                 
Norwich City Council,Head of City Development,600070,Agency Staff,2050,Agency Staff                  ,07/02/2020,5012,"2,058.00",REDACTED COMMERCIAL CONFIDENTIALITY
Norwich City Council,Head of City Development,600070,Agency Staff,2050,Agency Staff                  ,14/02/2020,5799,"2,058.00",REDACTED COMMERCIAL CONFIDENTIALITY
Norwich City Council,Balance Sheet,999999,Rents Overpayment Refunds,7229,Rents Overpayment Refunds     ,05/02/2020,5912,"2,090.24",REDACTED PERSONAL DATA
Norwich City Council,Balance Sheet,999999,Salary sacrifice scheme,7223,Salary sacrifice scheme       ,28/02/2020,6652,"2,111.67",CYCLESCHEME LTD                         
Norwich City Council,HRA Repairs,730020,Major & Minor Repairs,2142,Major & Minor Repairs         ,28/02/2020,6667,"2,120.00",R G LEVERETT LTD ROOFING & ROOFLINE     
Norwich City Council,NPS Joint Venture,640210,Other Contractual Services,2849,Other Contractual Services    ,21/02/2020,5794,"2,124.13",NPS NORWICH LTD                         
Norwich City Council,HRA Repairs,730020,Automatic Vent Mtce,2137,Automatic Vent Mtce           ,14/02/2020,6319,"2,158.50",ALPHATRACK SYSTEMS LTD                  
Norwich City Council,Balance Sheet,999999,Suspense Acc - NORSE contract,7248,Suspense Acc - NORSE contract ,14/02/2020,6271,"2,175.00",INTEGRATED WATER SERVICES LTD           
Norwich City Council,GF Capital Expenditure,981000,Exp on Grants,5500,Exp on Grants                 ,21/02/2020,6837,"2,195.00",REDACTED COMMERCIAL CONFIDENTIALITY
Norwich City Council,Investment Properties,220000,Service Charge,2247,Service Charge                ,21/02/2020,6151,"2,195.30",CARTER JONAS LLP                        
Norwich City Council,HRA Repairs,730020,Fire Alarms Mtce,2118,Fire Alarms Mtce              ,14/02/2020,6318,"2,214.00",ALPHATRACK SYSTEMS LTD                  
Norwich City Council,Highways Agency - Maintenance,630100,Agency Staff,2050,Agency Staff                  ,28/02/2020,6769,"2,214.04",REDACTED COMMERCIAL CONFIDENTIALITY
Norwich City Council,HRA Capital Expenditure,983000,Whole House Improvements,5120, Whole House Improvements     ,14/02/2020,4946,"2,220.58",NORWICH NORSE (BUILDING) LTD            
Norwich City Council,GF Capital Expenditure,981000,Exp on Loans/Financial Asstnce,5600,Exp on Loans/Financial Asstnce,21/02/2020,6822,"2,265.17",RYDER BUILDING & ROOFING SPECIALISTS    
Norwich City Council,Highways Agency - Maintenance,630100,Agency Staff,2050,Agency Staff                  ,28/02/2020,6770,"2,272.99",REDACTED COMMERCIAL CONFIDENTIALITY
Norwich City Council,Highways Agency - Maintenance,630100,Agency Staff,2050,Agency Staff                  ,14/02/2020,2518,"2,318.16",REDACTED COMMERCIAL CONFIDENTIALITY
Norwich City Council,Highways Agency - Maintenance,630100,Agency Staff,2050,Agency Staff                  ,14/02/2020,2521,"2,322.28",REDACTED COMMERCIAL CONFIDENTIALITY
Norwich City Council,GF Capital Expenditure,981000,New Constructn/Convrsn/Renovtn,5100,New Constructn/Convrsn/Renovtn,28/02/2020,6301,"2,341.25",CREATE CONSULTING ENGINEERS LIMITED     
Norwich City Council,HRA Repairs,730020,Water Service Testing,2280,Water Service Testing         ,14/02/2020,6269,"2,368.50",INTEGRATED WATER SERVICES LTD           
Norwich City Council,HRA Repairs,730020,Major & Minor Repairs,2142,Major & Minor Repairs         ,21/02/2020,6806,"2,479.00",ASPECT GROUP SERVICES LTD               
Norwich City Council,HRA Repairs,730020,Major & Minor Repairs,2142,Major & Minor Repairs         ,21/02/2020,6807,"2,479.00",ASPECT GROUP SERVICES LTD               
Norwich City Council,Homelessness,410030,Funding paid to ext agencies,2826,Funding paid to ext agencies  ,14/02/2020,5822,"2,500.00",REDACTED COMMERCIAL CONFIDENTIALITY
Norwich City Council, IT Services,321020,DPP Printing Costs,2802,DPP Printing Costs            ,07/02/2020,5784,"2,560.22",XEROX (UK) LTD                          
Norwich City Council,HRA Repairs,730020,Gas Cent Heating Repairs C Wks,2143,Gas Cent Heating Repairs C Wks,14/02/2020,6450,"2,567.50",MORGAN LAMBERT LTD                      
Norwich City Council,Markets,100000,Site Security,2804,Site Security                 ,21/02/2020,6144,"2,600.00",NORSE COMMERCIAL SERVICES LTD           
Norwich City Council,Balance Sheet,999999,Rents Overpayment Refunds,7229,Rents Overpayment Refunds     ,05/02/2020,5935,"2,614.21",REDACTED PERSONAL DATA
Norwich City Council,Balance Sheet,999999,Rents Overpayment Refunds,7229,Rents Overpayment Refunds     ,14/02/2020,6332,"2,614.21",REDACTED PERSONAL DATA
Norwich City Council,Balance Sheet,999999,Suspense Acc - NORSE contract,7248,Suspense Acc - NORSE contract ,14/02/2020,6457,"2,667.03",NORWICH NORSE (BUILDING) LTD            
Norwich City Council,Conservation Design&Landscape,620050,General Repairs & Mtce,2103,General Repairs & Mtce        ,14/02/2020,4757,"2,690.00",NORWICH NORSE (ENVIRONMENTAL) LTD       
Norwich City Council, IT Services,321020,Shared Services LGSS Internal,3060,Shared Services LGSS Internal ,28/02/2020,6707,"2,690.65",PHOENIX SOFTWARE LTD                    
Norwich City Council,GF Capital Expenditure,981000,Exp on Grants,5500,Exp on Grants                 ,07/02/2020,5807,"2,745.66",REDACTED COMMERCIAL CONFIDENTIALITY
Norwich City Council,Balance Sheet,999999,Norwich Fringe Project,8132,Norwich Fringe Project        ,14/02/2020,5265,"2,775.00",BEN BURGESS GROUNDSCARE  EQT            
Norwich City Council,HRA Repairs,730020,Major & Minor Repairs,2142,Major & Minor Repairs         ,21/02/2020,6805,"2,780.00",ASPECT GROUP SERVICES LTD               
Norwich City Council,HRA Capital Expenditure,983000,Whole House Improvements,5120, Whole House Improvements     ,21/02/2020,6706,"2,785.10",NPS NORWICH LTD                         
Norwich City Council,Buildings & Land,180000,Pest Control,2246,Pest Control                  ,14/02/2020,5322,"2,860.40",NORWICH NORSE (ENVIRONMENTAL) LTD       
Norwich City Council,Head of Neighbourhood Housing,710020,Training Initiatives,2021,Training Initiatives          ,26/02/2020,7283,"2,893.52",REDACTED COMMERCIAL CONFIDENTIALITY
Norwich City Council,Integrated Waste Management,431080,Other Contractual Services,2849,Other Contractual Services    ,14/02/2020,3952,"2,928.10",NORSE ENVIRONMENTAL WASTE SERVICES LTD  
Norwich City Council,HRA Capital Expenditure,983000,Estate Aesthetics,5161, Estate Aesthetics            ,28/02/2020,6964,"2,994.48",NORWICH NORSE (BUILDING) LTD            
Norwich City Council,Head of Neighbourhood Housing,710020,Grants - Hardship,2721,Grants - Hardship             ,14/02/2020,5785,"2,997.80",WEALDEN & EASTBOURNE LIFELINE LTD       
Norwich City Council,Development Management,620060,Professional Advice/Fees,2850,Professional Advice/Fees      ,21/02/2020,3547,"3,000.00",VALUATION OFFICE AGENCY                 
Norwich City Council,Benefits Admin (HB + CTB),516040,Agency Staff,2050,Agency Staff                  ,14/02/2020,6291,"3,081.38",REDACTED COMMERCIAL CONFIDENTIALITY
Norwich City Council,HRA Repairs - Void Properties,730080,Energy Performance Certs,2140,Energy Performance Certs      ,14/02/2020,6339,"3,185.00",NPS NORWICH LTD                         
Norwich City Council,Balance Sheet,999999,Suspense Acc - NORSE contract,7248,Suspense Acc - NORSE contract ,07/02/2020,5744,"3,199.68",NORWICH NORSE (BUILDING) LTD            
Norwich City Council,Head of Neighbourhood Housing,710020,Advertising Staff Recruitment,2030,Advertising Staff Recruitment ,07/02/2020,5286,"3,219.60",TMP (UK) LTD                            
Norwich City Council, IT Services,321020,Shared Services LGSS External,3061,Shared Services LGSS External ,14/02/2020,5716,"3,238.19",KOHLER UNINTERRUPTIBLE POWER LTD        
Norwich City Council,Integrated Waste Management,431080,Other Contractual Services,2849,Other Contractual Services    ,21/02/2020,6136,"3,283.70",NORSE ENVIRONMENTAL WASTE SERVICES LTD  
Norwich City Council,Personnel Services,530020,Occupational Health Support,2689,Occupational Health Support   ,14/02/2020,4549,"3,293.84",NORFOLK & NORWICH UNIVERSITY HOSPITALS  
Norwich City Council,Environmental Strategy,630010,Agency Staff,2050,Agency Staff                  ,14/02/2020,6170,"3,325.00",REDACTED COMMERCIAL CONFIDENTIALITY
Norwich City Council,Street Cleansing,431020,Other Contractual Services,2849,Other Contractual Services    ,28/02/2020,3953,"3,473.95",NORFOLK PET CREMATORIUM                 
Norwich City Council,GF Capital Expenditure,981000,Exp on Grants,5500,Exp on Grants                 ,28/02/2020,7045,"3,500.00",REDACTED COMMERCIAL CONFIDENTIALITY
Norwich City Council,Culture & Events,314030,Events Costs,2613,Events Costs                  ,07/02/2020,5674,"3,517.13",CN SECURITY                             
Norwich City Council,Street Cleansing,431020,Other Contractual Services,2849,Other Contractual Services    ,28/02/2020,5953,"3,525.80",NORFOLK PET CREMATORIUM                 
Norwich City Council,HRA Repairs,730020,Structural Repairs,2136,Structural Repairs            ,14/02/2020,5652,"3,566.75",A F HOWLAND ASSOCIATES                  
Norwich City Council,Fit for the Future,321070,Agency Staff,2050,Agency Staff                  ,28/02/2020,6824,"3,630.00",REDACTED COMMERCIAL CONFIDENTIALITY
Norwich City Council,HRA Repairs,730020,Out Of Hours calls,2589,Out Of Hours calls            ,14/02/2020,4585,"3,678.67",NORSE COMMERCIAL SERVICES LTD           
Norwich City Council,GF Capital Expenditure,981000,Exp on Grants,5500,Exp on Grants                 ,28/02/2020,6757,"3,678.78",REDACTED COMMERCIAL CONFIDENTIALITY
Norwich City Council,Balance Sheet,999999,Suspense Acc - NORSE contract,7248,Suspense Acc - NORSE contract ,28/02/2020,6934,"3,725.76",NORWICH NORSE (BUILDING) LTD            
Norwich City Council,Multi-Storey Car Parks,643040,Car Park Call Outs,2808,Car Park Call Outs            ,14/02/2020,6208,"3,801.60",BROADLAND GUARDING SERVICES LTD         
Norwich City Council,HRA Repairs,730020,Major & Minor Repairs,2142,Major & Minor Repairs         ,07/02/2020,5637,"4,000.00",NPS NORWICH LTD                         
Norwich City Council,HRA Repairs,730020,Major & Minor Repairs,2142,Major & Minor Repairs         ,14/02/2020,6334,"4,000.00",NPS NORWICH LTD                         
Norwich City Council,Council Elections,520030,Other Contractual Services,2849,Other Contractual Services    ,14/02/2020,6205,"4,214.53",IDOX SOFTWARE LIMITED                   
Norwich City Council,HRA Repairs,730020,Asbestos Register Survey,2166,Asbestos Register Survey      ,14/02/2020,6336,"4,250.00",NPS NORWICH LTD                         
Norwich City Council, IT Services,321020,DPP Printing Costs,2802,DPP Printing Costs            ,07/02/2020,5784,"4,326.79",XEROX (UK) LTD                          
Norwich City Council,HRA Capital Expenditure,983000,Kitchens,5121, Kitchens                     ,14/02/2020,5835,"4,509.16",GASWAY SERVICES LTD                     
Norwich City Council,HRA Capital Expenditure,983000,Disabled Adaptations,5190, Disabled Adaptations         ,14/02/2020,6275,"4,520.00",NORWICH NORSE (BUILDING) LTD            
Norwich City Council,HRA Capital Expenditure,983000,Disabled Adaptations,5190, Disabled Adaptations         ,14/02/2020,6274,"4,550.00",NORWICH NORSE (BUILDING) LTD            
Norwich City Council,Balance Sheet,999999,Suspense Acc - NORSE contract,7248,Suspense Acc - NORSE contract ,07/02/2020,5741,"4,556.33",NORWICH NORSE (BUILDING) LTD            
Norwich City Council,HRA Repairs,730020,Entry Phone Mtce,2122,Entry Phone Mtce              ,14/02/2020,6319,"4,564.50",ALPHATRACK SYSTEMS LTD                  
Norwich City Council,Balance Sheet,999999,Suspense Acc - NORSE contract,7248,Suspense Acc - NORSE contract ,14/02/2020,4950,"4,626.90",NORWICH NORSE (BUILDING) LTD            
Norwich City Council,Development Management,620060,Professional Advice/Fees,2850,Professional Advice/Fees      ,21/02/2020,6781,"4,750.00",VALUATION OFFICE AGENCY                 
Norwich City Council,Highways Agency,630040,Street Closure Notices Rechge,2834,Street Closure Notices Rechge ,07/02/2020,4196,"4,778.00",HATTON TRAFFIC MANAGEMENT               
Norwich City Council,HRA Repairs,730020,Call Alarm sytems Mtce,2119,Call Alarm sytems Mtce        ,14/02/2020,6318,"4,782.54",ALPHATRACK SYSTEMS LTD                  
Norwich City Council,Collection Team,710170,Legal Expenses,2803,Legal Expenses                ,28/02/2020,8167,"4,951.00",H M C S                                 
Norwich City Council,Notice Processing,644020,Adjudication Service,2823,Adjudication Service          ,07/02/2020,5940,"5,000.00",HER MAJESTYS COURTS AND TRIBUNALS       
Norwich City Council,GF Capital Expenditure,981000,Acquisition Land/Exstng Bldgs,5000,Acquisition Land/Exstng Bldgs ,28/02/2020,7289,"5,000.00",REDACTED COMMERCIAL CONFIDENTIALITY
Norwich City Council,GF Capital Expenditure,981000,Exp on Grants,5500,Exp on Grants                 ,21/02/2020,6828,"5,350.97",REDACTED COMMERCIAL CONFIDENTIALITY
Norwich City Council,Open Spaces,160000,Responsve Rprs CW srvcs exR100,2102,Responsve Rprs CW srvcs exR100,14/02/2020,5949,"5,431.58",STEELWAY FENSECURE LTD                  
Norwich City Council,Benefits Admin (HB + CTB),516040,Agency Staff,2050,Agency Staff                  ,28/02/2020,6796,"5,478.00",REDACTED COMMERCIAL CONFIDENTIALITY
Norwich City Council,GF Capital Expenditure,981000,Exp on Grants,5500,Exp on Grants                 ,28/02/2020,7073,"5,494.79",REDACTED COMMERCIAL CONFIDENTIALITY
Norwich City Council,HRA Capital Expenditure,983000,Structural,5181, Structural                   ,11/02/2020,7251,"5,500.00",BAWBURGH INSTALLATIONS LTD              
Norwich City Council,HRA Capital Expenditure,983000,Kitchens,5121, Kitchens                     ,21/02/2020,6266,"5,576.58",GASWAY SERVICES LTD                     
Norwich City Council,GF Capital Expenditure,981000,Exp on Grants,5500,Exp on Grants                 ,14/02/2020,6178,"5,590.98",REDACTED COMMERCIAL CONFIDENTIALITY
Norwich City Council,Neighbourhood Services,710120,Agency Staff,2050,Agency Staff                  ,28/02/2020,6948,"5,595.24",REDACTED COMMERCIAL CONFIDENTIALITY
Norwich City Council,GF Capital Expenditure,981000,Exp on Grants,5500,Exp on Grants                 ,21/02/2020,5305,"5,600.00",REDACTED COMMERCIAL CONFIDENTIALITY
Norwich City Council,GF Capital Expenditure,981000,Exp on Grants,5500,Exp on Grants                 ,21/02/2020,6827,"5,691.95",REDACTED COMMERCIAL CONFIDENTIALITY
Norwich City Council,HRA Capital Expenditure,983000,Whole House Improvements,5120, Whole House Improvements     ,28/02/2020,6803,"5,706.69",NORWICH NORSE (BUILDING) LTD            
Norwich City Council,GF Capital Expenditure,981000,Exp on Grants,5500,Exp on Grants                 ,14/02/2020,6307,"5,766.77",REDACTED COMMERCIAL CONFIDENTIALITY
Norwich City Council,HRA Capital Expenditure,983000,Doors,5151, Doors                        ,07/02/2020,4569,"5,775.83",ANGLIAN WINDOWS LTD                     
Norwich City Council,HRA Repairs,730020,Emergency Lighting Mtce,2108,Emergency Lighting Mtce       ,14/02/2020,6319,"5,833.80",ALPHATRACK SYSTEMS LTD                  
Norwich City Council,Planning Management Account,620010,Professional Advice/Fees,2850,Professional Advice/Fees      ,07/02/2020,5767,"6,110.48",TROWERS & HAMLINS LLP                   
Norwich City Council,GF Capital Expenditure,981000,Exp on Grants,5500,Exp on Grants                 ,21/02/2020,6177,"6,382.07",REDACTED COMMERCIAL CONFIDENTIALITY
Norwich City Council,GF Capital Expenditure,981000,Exp on Loans/Financial Asstnce,5600,Exp on Loans/Financial Asstnce,21/02/2020,6177,"6,382.07",REDACTED PERSONAL DATA
Norwich City Council,Economic Development Unit,610010,Projects,2832,Projects                      ,28/02/2020,7046,"6,600.00",SOUTH NORFOLK DISTRICT COUNCIL          
Norwich City Council,Multi-Storey Car Parks,643040,Car Park Call Outs,2808,Car Park Call Outs            ,14/02/2020,6208,"6,613.20",BROADLAND GUARDING SERVICES LTD         
Norwich City Council,GF Capital Expenditure,981000,Exp on Grants,5500,Exp on Grants                 ,07/02/2020,5917,"6,615.38",REDACTED COMMERCIAL CONFIDENTIALITY
Norwich City Council,Balance Sheet,999999,Suspense Acc - NORSE contract,7248,Suspense Acc - NORSE contract ,14/02/2020,6451,"6,622.57",NORWICH NORSE (BUILDING) LTD            
Norwich City Council,GF Capital Expenditure,981000,Exp on Grants,5500,Exp on Grants                 ,14/02/2020,6289,"6,721.08",REDACTED COMMERCIAL CONFIDENTIALITY
Norwich City Council,Balance Sheet,999999,Suspense Acc - NORSE contract,7248,Suspense Acc - NORSE contract ,07/02/2020,5745,"6,748.13",NORWICH NORSE (BUILDING) LTD            
Norwich City Council,GF Capital Expenditure,981000,Exp on Grants,5500,Exp on Grants                 ,21/02/2020,6822,"6,778.95",REDACTED COMMERCIAL CONFIDENTIALITY
Norwich City Council,GF Capital Expenditure,981000,Exp on Loans/Financial Asstnce,5600,Exp on Loans/Financial Asstnce,21/02/2020,6822,"6,778.95",RYDER BUILDING & ROOFING SPECIALISTS    
Norwich City Council,Investment Properties,220000,Professional Advice/Fees,2850,Professional Advice/Fees      ,28/02/2020,6677,"6,800.00",CARTER JONAS LLP                        
Norwich City Council,GF Capital Expenditure,981000,Exp on Grants,5500,Exp on Grants                 ,21/02/2020,6823,"6,835.25",REDACTED COMMERCIAL CONFIDENTIALITY
Norwich City Council,Balance Sheet,999999,Suspense Acc - NORSE contract,7248,Suspense Acc - NORSE contract ,21/02/2020,4748,"6,850.53",NORWICH NORSE (BUILDING) LTD            
Norwich City Council,Multi-Storey Car Parks,643040,Car Park Call Outs,2808,Car Park Call Outs            ,14/02/2020,6208,"6,877.20",BROADLAND GUARDING SERVICES LTD         
Norwich City Council,GF Capital Expenditure,981000,Exp on Grants,5500,Exp on Grants                 ,28/02/2020,7089,"6,993.38",REDACTED COMMERCIAL CONFIDENTIALITY
Norwich City Council,GF Capital Expenditure,981000,Exp on Loans/Financial Asstnce,5600,Exp on Loans/Financial Asstnce,28/02/2020,7089,"6,993.38",RYDER BUILDING & ROOFING SPECIALISTS    
Norwich City Council,GF Capital Expenditure,981000,Exp on Grants,5500,Exp on Grants                 ,28/02/2020,7089,"6,993.38",REDACTED COMMERCIAL CONFIDENTIALITY
Norwich City Council,General HRA Premises,740010,Mtce Payments Ground Rent Etc,2148,Mtce Payments Ground Rent Etc ,19/02/2020,6825,"7,031.87",NORWICH RESIDENTIAL MANAGEMENT LTD      
Norwich City Council,GF Capital Expenditure,981000,Exp on Grants,5500,Exp on Grants                 ,28/02/2020,7045,"7,400.00",REDACTED COMMERCIAL CONFIDENTIALITY
Norwich City Council, IT Services,321020,IT Services - Contract Charge,2843,IT Services - Contract Charge ,07/02/2020,3607,"7,462.50",ADVANCED BUSINESS SOLUTIONS & SOFTWARE  
Norwich City Council,Homelessness,410030,Funding paid to ext agencies,2826,Funding paid to ext agencies  ,21/02/2020,2373,"7,500.00",REDACTED COMMERCIAL CONFIDENTIALITY
Norwich City Council,Homelessness,410030,Funding paid to ext agencies,2826,Funding paid to ext agencies  ,21/02/2020,6764,"7,500.00",REDACTED COMMERCIAL CONFIDENTIALITY
Norwich City Council,HRA Repairs,730020,Landlords Lighting Gen Repairs,2128,Landlords Lighting Gen Repairs,14/02/2020,6318,"7,511.61",ALPHATRACK SYSTEMS LTD                  
Norwich City Council,HRA Capital Expenditure,983000,Doors,5151, Doors                        ,07/02/2020,5803,"7,560.55",ANGLIAN WINDOWS LTD                     
Norwich City Council,HRA Repairs,730020,Asbestos Register Survey,2166,Asbestos Register Survey      ,07/02/2020,5635,"7,625.00",NPS NORWICH LTD                         
Norwich City Council,GF Capital Expenditure,981000,Exp on Grants,5500,Exp on Grants                 ,07/02/2020,5915,"7,660.21",REDACTED COMMERCIAL CONFIDENTIALITY
Norwich City Council,Head of City Development,600070,Professional Advice/Fees,2850,Professional Advice/Fees      ,07/02/2020,5055,"7,726.88",LINK TREASURY SERVICES LIMITED          
Norwich City Council,HRA Capital Expenditure,983000,Estate Aesthetics,5161, Estate Aesthetics            ,07/02/2020,5633,"7,836.14",NORWICH NORSE (BUILDING) LTD            
Norwich City Council,Community Enabling,420140,Projects,2832,Projects                      ,21/02/2020,6290,"8,000.00",ACCENT DESIGN GROUP                     
Norwich City Council, IT Services,321020,Telephones General,2615,Telephones General            ,28/02/2020,7030,"8,136.87",ADEPT TELECOM PLC                       
Norwich City Council,GF Capital Expenditure,981000,Exp on Grants,5500,Exp on Grants                 ,14/02/2020,6176,"8,202.07",REDACTED COMMERCIAL CONFIDENTIALITY
Norwich City Council,Balance Sheet,999999,Oracle Data Load Suspense Acc,9650,Oracle Data Load Suspense Acc ,07/02/2020,151,"8,433.34",NORFOLK PENSION FUND                    
Norwich City Council,HRA Capital Expenditure,983000,Structural,5181, Structural                   ,14/02/2020,6345,"8,500.00",BAWBURGH INSTALLATIONS LTD              
Norwich City Council,HRA Capital Expenditure,983000,Structural,5181, Structural                   ,14/02/2020,6345,"8,500.00",BAWBURGH INSTALLATIONS LTD              
Norwich City Council,GF Capital Expenditure,981000,Exp on Grants,5500,Exp on Grants                 ,14/02/2020,6287,"8,968.49",REDACTED COMMERCIAL CONFIDENTIALITY
Norwich City Council,HRA Repairs,730020,Entry Phone Mtce,2122,Entry Phone Mtce              ,14/02/2020,6318,"8,980.26",ALPHATRACK SYSTEMS LTD                  
Norwich City Council,Balance Sheet,999999,Highways Agency - 2016/17,8204,Highways Agency - 2016/17     ,21/02/2020,4755,"9,354.65",NORWICH NORSE (ENVIRONMENTAL) LTD       
Norwich City Council,HRA Capital Expenditure,983000,Doors,5151, Doors                        ,07/02/2020,4597,"9,627.55",ANGLIAN WINDOWS LTD                     
Norwich City Council,Mail Handling Team,550040,Postages General,2614,Postages General              ,21/02/2020,5273,"9,742.46",ROYAL MAIL GROUP PLC                    
Norwich City Council,HRA Repairs,730020,Emergency Lighting Mtce,2108,Emergency Lighting Mtce       ,14/02/2020,6318,"9,907.83",ALPHATRACK SYSTEMS LTD                  
Norwich City Council,Social Policy/Arts Grants,310060,Grants  - Main ex SLA's,2727,Grants  - Main ex SLA's       ,07/02/2020,5773,"10,000.00",NORWICH BUSINESS IMPROVEMENT DISTRICT   
Norwich City Council,Multi-Storey Car Parks,643040,Security/Cash in Transit,2805,Security/Cash in Transit      ,21/02/2020,6426,"10,415.37",G4S CASH SOLUTIONS (UK) LTD             
Norwich City Council,Learning & Development,530050,Other Training Expenses,2020,Other Training Expenses       ,14/02/2020,6201,"11,090.00",LEARNING POOL                           
Norwich City Council,HRA Repairs,730020,External Wall Insulation,2164,External Wall Insulation      ,21/02/2020,6808,"11,620.80",1ST CHOICE INSULATIONS LTD              
Norwich City Council,HRA Repairs,730020,Landlords Lighting Gen Repairs,2128,Landlords Lighting Gen Repairs,14/02/2020,6319,"12,143.56",ALPHATRACK SYSTEMS LTD                  
Norwich City Council,HRA Repairs,730020,External Wall Insulation,2164,External Wall Insulation      ,07/02/2020,5638,"12,500.00",NPS NORWICH LTD                         
Norwich City Council,HRA Capital Expenditure,983000,Solar Thermal & Photovoltaic,5141, Solar Therml/Photovoltaic    ,07/02/2020,5639,"12,500.00",NPS NORWICH LTD                         
Norwich City Council,Personnel Corporate Costs,530010,Other Contractual Services,2849,Other Contractual Services    ,14/02/2020,4729,"12,870.08",SEFTON COUNCIL                          
Norwich City Council,HRA Repairs,730020,External Wall Insulation,2164,External Wall Insulation      ,21/02/2020,6808,"12,944.20",1ST CHOICE INSULATIONS LTD              
Norwich City Council,Balance Sheet,999999,Suspense Acc - NORSE contract,7248,Suspense Acc - NORSE contract ,14/02/2020,6456,"13,330.08",NORWICH NORSE (BUILDING) LTD            
Norwich City Council,Integrated Waste Management,431080,Variations to Database,2847,Variations to Database        ,21/02/2020,5720,"13,418.80",BIFFA MUNICIPAL LIMITED                 
Norwich City Council,Balance Sheet,999999,Suspense Acc - NORSE contract,7248,Suspense Acc - NORSE contract ,07/02/2020,5742,"13,421.26",NORWICH NORSE (BUILDING) LTD            
Norwich City Council,Integrated Waste Management,431080,Variations to Database,2847,Variations to Database        ,28/02/2020,5721,"13,503.72",BIFFA MUNICIPAL LIMITED                 
Norwich City Council,HRA Capital Expenditure,983000,Heating & Boilers - Communal,5130, Heating/Boilers Communal     ,14/02/2020,5968,"14,224.01",PANKS ENGINEERS LTD                     
Norwich City Council,GF Capital Expenditure,981000,New Constructn/Convrsn/Renovtn,5100,New Constructn/Convrsn/Renovtn,14/02/2020,6214,"15,000.00",NORFOLK COUNTY COUNCIL                  
Norwich City Council,Balance Sheet,999999,Suspense Acc - NORSE contract,7248,Suspense Acc - NORSE contract ,14/02/2020,6453,"15,062.60",NORWICH NORSE (BUILDING) LTD            
Norwich City Council,External Audit,514015,Audit Fee,2588,Audit Fee                     ,28/02/2020,7016,"15,384.00",ERNST & YOUNG LLP                       
Norwich City Council,HRA Capital Expenditure,983000,Structural,5181, Structural                   ,07/02/2020,5810,"15,948.89",ASPECT GROUP SERVICES LTD               
Norwich City Council,HRA Capital Expenditure,983000,Kitchens,5121, Kitchens                     ,07/02/2020,5660,"18,586.48",GASWAY SERVICES LTD                     
Norwich City Council,Integrated Waste Management,431080,Variations to Database,2847,Variations to Database        ,28/02/2020,7011,"18,737.72",BIFFA MUNICIPAL LIMITED                 
Norwich City Council,HRA Repairs,730020,Inspection (Electrical Equipt),2655,Inspection (Electrical Equipt),28/02/2020,6678,"20,020.50",GASWAY SERVICES LTD                     
Norwich City Council,HRA Capital Expenditure,983000,Structural,5181, Structural                   ,14/02/2020,5832,"21,041.67",JB SPECIALIST REFURBISHMENTS LTD        
Norwich City Council,HRA Capital Expenditure,983000,Re-Roofing,5180, Re-Roofing                   ,07/02/2020,5777,"21,095.90",NEWTECH CONSTRUCTION LTD                
Norwich City Council,HRA Repairs,730020,Gas Cent Heating Repairs C Wks,2143,Gas Cent Heating Repairs C Wks,14/02/2020,6265,"24,106.93",GASWAY SERVICES LTD                     
Norwich City Council,HRA Capital Expenditure,983000,Structural,5181, Structural                   ,14/02/2020,5805,"25,641.43",UK GUNITE LIMITED                       
Norwich City Council,HRA Capital Expenditure,983000,Bathrooms,5122, Bathrooms                    ,07/02/2020,5659,"25,830.58",GASWAY SERVICES LTD                     
Norwich City Council,Integrated Waste Management,431080,Other Contractual Services,2849,Other Contractual Services    ,21/02/2020,2824,"26,369.94",NORSE ENVIRONMENTAL WASTE SERVICES LTD  
Norwich City Council,Integrated Waste Management,431080,Other Contractual Services,2849,Other Contractual Services    ,21/02/2020,6132,"26,468.80",NORSE ENVIRONMENTAL WASTE SERVICES LTD  
Norwich City Council,HRA Capital Expenditure,983000,Re-Roofing,5180, Re-Roofing                   ,14/02/2020,6458,"26,899.00",NEWTECH CONSTRUCTION LTD                
Norwich City Council,HRA Repairs,730020,Exterior Painting    ,2174,Exterior Painting             ,28/02/2020,6758,"27,608.85",MITIE PROPERTY SERVICES (UK) LTD        
Norwich City Council,HRA Capital Expenditure,983000,Whole House Improvements,5120, Whole House Improvements     ,28/02/2020,6803,"28,188.87",NORWICH NORSE (BUILDING) LTD            
Norwich City Council,HRA Capital Expenditure,983000,Community Alarm,5192, Community Alarm              ,14/02/2020,6263,"28,500.00",M ENGLISH SECURITY LTD                  
Norwich City Council,Balance Sheet,999999,Suspense Acc - NORSE contract,7248,Suspense Acc - NORSE contract ,14/02/2020,6455,"30,076.33",NORWICH NORSE (BUILDING) LTD            
Norwich City Council,HRA Capital Expenditure,983000,Whole House Improvements,5120, Whole House Improvements     ,28/02/2020,6933,"30,327.77",NORWICH NORSE (BUILDING) LTD            
Norwich City Council,HRA Capital Expenditure,983000,Heating & Boilers - Communal,5130, Heating/Boilers Communal     ,14/02/2020,5968,"31,868.20",PANKS ENGINEERS LTD                     
Norwich City Council,HRA Capital Expenditure,983000,Whole House Improvements,5120, Whole House Improvements     ,14/02/2020,4946,"31,972.07",NORWICH NORSE (BUILDING) LTD            
Norwich City Council,HRA Capital Expenditure,983000,Bathrooms,5122, Bathrooms                    ,21/02/2020,6264,"34,346.83",GASWAY SERVICES LTD                     
Norwich City Council,Integrated Waste Management,431080,Variations to Database,2847,Variations to Database        ,28/02/2020,2790,"34,611.60",BIFFA MUNICIPAL LIMITED                 
Norwich City Council,HRA Capital Expenditure,983000,Bathrooms,5122, Bathrooms                    ,21/02/2020,6774,"37,329.14",GASWAY SERVICES LTD                     
Norwich City Council,Social Policy/Arts Grants,310060,Grants  - Main ex SLA's,2727,Grants  - Main ex SLA's       ,21/02/2020,6814,"37,800.00",WRITERS CENTRE NORWICH                  
Norwich City Council,Integrated Waste Management,431080,Other Contractual Services,2849,Other Contractual Services    ,28/02/2020,6186,"38,415.82",NORSE ENVIRONMENTAL WASTE SERVICES LTD  
Norwich City Council,HRA Capital Expenditure,983000,Whole House Improvements,5120, Whole House Improvements     ,14/02/2020,4949,"46,711.88",NORWICH NORSE (BUILDING) LTD            
Norwich City Council,HRA Capital Expenditure,983000,Structural,5181, Structural                   ,21/02/2020,6762,"50,794.35",ASPECT GROUP SERVICES LTD               
Norwich City Council,Debt Management Expenses,511010,Purchase / Debit Card Charges,2830,Purchase / Debit Card Charges ,07/02/2020,8151,"51,730.90",HSBC PLC                                
Norwich City Council,HRA Capital Expenditure,983000,Structural,5181, Structural                   ,11/02/2020,7251,"55,556.79",BAWBURGH INSTALLATIONS LTD              
Norwich City Council,HRA Repairs,730020,Exterior Painting    ,2174,Exterior Painting             ,14/02/2020,6277,"68,057.49",MITIE PROPERTY SERVICES (UK) LTD        
Norwich City Council,HRA Capital Expenditure,983000,Electrical,5110, Electrical                   ,28/02/2020,6325,"70,342.53",GASWAY SERVICES LTD                     
Norwich City Council,Estates Management,721020,T V Aerial Mtce,2807,T V Aerial Mtce               ,21/02/2020,6698,"71,161.68",STANLEY SECURITY SOLUTIONS              
Norwich City Council,HRA Capital Expenditure,983000,Estate Aesthetics,5161, Estate Aesthetics            ,07/02/2020,5632,"74,688.69",NORWICH NORSE (BUILDING) LTD            
Norwich City Council,HRA Capital Expenditure,983000,Electrical,5110, Electrical                   ,28/02/2020,6937,"76,119.09",GASWAY SERVICES LTD                     
Norwich City Council,HRA Capital Expenditure,983000,Structural,5181, Structural                   ,14/02/2020,6345,"83,633.01",BAWBURGH INSTALLATIONS LTD              
Norwich City Council,HRA Capital Expenditure,983000,Structural,5181, Structural                   ,14/02/2020,6345,"83,633.01",BAWBURGH INSTALLATIONS LTD              
Norwich City Council,HRA Repairs,730020,Gas Cent Heating Repairs C Wks,2143,Gas Cent Heating Repairs C Wks,14/02/2020,5015,"105,131.69",GASWAY SERVICES LTD                     
Norwich City Council,HRA Capital Expenditure,983000,Heating & Boilers - Domestic,5131, Heating/Boilers Domestic     ,28/02/2020,6810,"128,577.58",P H JONES LTD                           
Norwich City Council,GF Capital Expenditure,981000,New Constructn/Convrsn/Renovtn,5100,New Constructn/Convrsn/Renovtn,07/02/2020,5730,"173,903.00",NORFOLK COUNTY COUNCIL                  
Norwich City Council,NPS Joint Venture,640210,Professional Advice/Fees,2850,Professional Advice/Fees      ,14/02/2020,4609,"248,331.17",NPS NORWICH LTD                         
Norwich City Council,Balance Sheet,999999,Oracle Data Load Suspense Acc,9650,Oracle Data Load Suspense Acc ,14/02/2020,155,"308,750.00",NORFOLK PENSION FUND                    
Norwich City Council,General HRA Premises,740010,Water Charges Unmetered,2284,Water Charges Unmetered       ,14/02/2020,6460,"498,209.07",ANGLIAN WATER                           
